Factor	Df	SumsOfSqs	MeanSqs	F.Model	R2	Pr(>F)	Formula	Mode	Group1	Group2	p	q	Metric
BS	3	0.85590567328465	0.285301891094883	42.0055957635593	0.701403931224172	0.001	'BS + rstc_run'	General					bray_curtis
rstc_run	1	0.0451454430848005	0.0451454430848005	6.64685826479933	0.0369961226393288	0.004	'BS + rstc_run'	General					bray_curtis
BS	1	0.0315273466464492	0.0315273466464492	52.4821736929212	0.944825343720392		'BS + rstc_run'	Pairwise	RSP	RF	0.166666666666667	0.18181818181818218	bray_curtis
BS	1	0.0770323904605955	0.0770323904605955	14.8462918273393	0.355889242281258		'BS + rstc_run'	Pairwise	RSP	FL	0.001	0.0017142857142857142	bray_curtis
BS	1	0.118162103807924	0.118162103807924	17.1510852748105	0.345413516621891		'BS + rstc_run'	Pairwise	RSP	FR	0.001	0.0017142857142857142	bray_curtis
BS	1	0.11032586278494	0.11032586278494	21.1230073752031	0.43995111829416		'BS + rstc_run'	Pairwise	RF	FL	0.001	0.0017142857142857142	bray_curtis
BS	1	0.173765181058774	0.173765181058774	25.1100116266088	0.435811444519032		'BS + rstc_run'	Pairwise	RF	FR	0.001	0.0017142857142857142	bray_curtis
BS	1	0.664990867360374	0.664990867360374	95.3556652638404	0.647181034698743		'BS + rstc_run'	Pairwise	FL	FR	0.001	0.0017142857142857142	bray_curtis
