Factor	Df	SumsOfSqs	MeanSqs	F.Model	R2	Pr(>F)	Formula	Mode	Group1	Group2	p	q	Metric
BS	3	0.755988861282726	0.251996287094242	34.2497011279453	0.668871102058996	0.001	'BS + rstc_run'	General					bray_curtis
rstc_run	1	0.0284489578611252	0.0284489578611252	3.86659785896231	0.0251705901654606	0.024	'BS + rstc_run'	General					bray_curtis
BS	1	0.034847295658572	0.034847295658572	24.5596717912157	0.948545338614605		'BS + rstc_run'	Pairwise	RSP	RF	0.333333333333333	0.444444444444444	bray_curtis
BS	1	0.062035641567685	0.062035641567685	7.40536456292178	0.236594522346359		'BS + rstc_run'	Pairwise	RSP	FL	0.012	0.02057142857142857	bray_curtis
BS	1	0.133569246174087	0.133569246174087	24.2701033526859	0.435394309170694		'BS + rstc_run'	Pairwise	RSP	FR	0.001	0.002	bray_curtis
BS	1	0.106218745578659	0.106218745578659	12.5876592721105	0.34568826337952		'BS + rstc_run'	Pairwise	RF	FL	0.001	0.002	bray_curtis
BS	1	0.0872228631740879	0.0872228631740879	15.6261295167814	0.333786611912893		'BS + rstc_run'	Pairwise	RF	FR	0.001	0.002	bray_curtis
BS	1	0.605350472816875	0.605350472816875	79.7539451687459	0.619146765085412		'BS + rstc_run'	Pairwise	FL	FR	0.001	0.002	bray_curtis
