	sum_sq	df	F	PR(>F)
Trt	3.076614561574914e-08	5.0	2.8689420338926763	0.04676189841476526
Run	3.086109967453436e-08	1.0	14.388982483249444	0.0014518705266441773
Residual	3.6461139283325175e-08	17.0		
