	sum_sq	df	F	PR(>F)
Trt	482.3024272630812	5.0	3.5073577587587423	0.023218834970768206
Run	520.2415941265245	1.0	18.916278339538387	0.00043619715182864025
Residual	467.53948855072406	17.0		
