	sum_sq	df	F	PR(>F)
Trt	0.0009735146495487658	5.0	1.1551774279069917	0.37055016619810827
Run	0.0009069445709374328	1.0	5.380925172493939	0.033060393269285344
Residual	0.00286531724781269	17.0		
