Metric	Stats	p
Mbb. clades ratios	0.9111347198486328	0.0008946446469053626
