Metric	Stats	p
AB_ratios	0.8254998922348022	2.4905771169869695e-06
EB_ratios	0.4780493974685669	2.464766021489928e-12
AE_ratios	0.7539336085319519	5.7835837452557826e-08
