Metric	Stats	p	Domain
shannon	0.9827773571014404	0.1634310781955719	Archaea
faith_pd	0.8708229660987854	2.1769986702224742e-08	Archaea
shannon	0.8627628087997437	8.986914323827477e-09	Bacteria
faith_pd	0.8839895129203796	7.385434486195663e-08	Bacteria
