	sum_sq	df	F	PR(>F)	Metric
sType	4.774341775451008	3.0	8.060066811732181	7.237747265800054e-05	shannon_Archaea
Trt	10.268124752568111	6.0	8.667348864973313	1.3092895783525138e-07	shannon_Archaea
rstc_run	2.830943463038792	1.0	14.337637223409928	0.0002595828675107104	shannon_Archaea
Residual	19.942287931519882	101.0			shannon_Archaea
sType	4.48736006244028	3.0	27.900492625611843	3.1762448402916507e-13	faith_pd_Archaea
Trt	1.3496113309229265	6.0	4.195654066299746	0.0008269904901552444	faith_pd_Archaea
rstc_run	0.11134742928359477	1.0	2.0769325971482258	0.15263362815117568	faith_pd_Archaea
Residual	5.414759426032767	101.0			faith_pd_Archaea
