	sum_sq	df	F	PR(>F)	Metric
sType	108.52485373153614	3.0	232.44718939890603	1.9038614571691206e-45	shannon_Bacteria
Trt	78.52046158866472	6.0	84.09069433873874	3.1284134425774994e-37	shannon_Bacteria
rstc_run	0.15754005202935475	1.0	1.0122955540461505	0.3167343965293928	shannon_Bacteria
Residual	15.873906827671	102.0			shannon_Bacteria
sType	49191.81994555096	3.0	307.48017925475386	6.178511308211673e-51	faith_pd_Bacteria
Trt	23398.27204624374	6.0	73.12704521802523	1.0395872807706243e-34	faith_pd_Bacteria
rstc_run	9.118398791325278	1.0	0.17098738558421261	0.6801038658599783	faith_pd_Bacteria
Residual	5439.446152927512	102.0			faith_pd_Bacteria
