Factor	Df	SumsOfSqs	MeanSqs	F.Model	R2	Pr(>F)	Formula	Mode	Group1	Group2	p	q	Metric
sType	3	6.56179326705873	2.18726442235291	16.3864267482598	0.297056748613135	0.001	'sType + rstc_run'	General					bray_curtis
rstc_run	1	1.37865904217575	1.37865904217575	10.3285616382572	0.0624128124503381	0.001	'sType + rstc_run'	General					bray_curtis
sType	1	1.04485326658618	1.04485326658618	7.11454624118546	0.0659800938092113		'sType + rstc_run'	Pairwise	FR	FL	0.001	0.001090909090909091	bray_curtis
sType	1	2.46564673520617	2.46564673520617	19.2118937525461	0.255715990993704		'sType + rstc_run'	Pairwise	FR	RSP	0.001	0.001090909090909091	bray_curtis
sType	1	2.71652135338962	2.71652135338962	21.6596345461229	0.271167430367263		'sType + rstc_run'	Pairwise	FR	RF	0.001	0.001090909090909091	bray_curtis
sType	1	2.87376758605692	2.87376758605692	20.6374522507047	0.258898440861088		'sType + rstc_run'	Pairwise	FL	RSP	0.001	0.001090909090909091	bray_curtis
sType	1	3.09614366619623	3.09614366619623	22.7230785776503	0.270471067589374		'sType + rstc_run'	Pairwise	FL	RF	0.001	0.001090909090909091	bray_curtis
sType	1	0.588468332782172	0.588468332782172	14.2723188503521	0.44412659576188		'sType + rstc_run'	Pairwise	RSP	RF	0.001	0.001090909090909091	bray_curtis
