Trt	Dialister	Sodaliphilus	Pseudoscardovia	Fibrobacter	Bifidobacterium	Pyramidobacter	Eubacterium (T)	Oribacterium	Bacteroidales (RUG11257)	Streptococcus	Pseudoramibacter	Lachnospiraceae	Cryptobacteroides	Bacteroidales (UBA1711)	Treponema (D)	Limosilactobacillus	Limimorpha	Lactobacillus	Prevotella
NoT	0.0	0.9932827442558227	0.004965995543100225	8.986900667744289	0.0008142968817858074	0.0	0.010654882107947893	0.14564062276530093	0.2794816726921389	0.008193424112167724	0.0016247313748433824	4.039910398368162	6.9413073750292344	2.7344857696953015	4.349670474704903	0.008192393533470992	2.4129593941175167	0.029639155951791143	15.49866538428848
