Trt	Dialister	Sodaliphilus	Pseudoscardovia	Fibrobacter	Bifidobacterium	Pyramidobacter	Eubacterium (T)	Oribacterium	Bacteroidales (RUG11257)	Streptococcus	Pseudoramibacter	Lachnospiraceae	Cryptobacteroides	Bacteroidales (UBA1711)	Treponema (D)	Limosilactobacillus	Limimorpha	Lactobacillus	Prevotella
NoT	0.0048727683832444175	0.3266561056791524	0.010243226295224851	4.3841257026125255	0.01010005846562552	0.0026560827443467155	0.012284330184571167	0.24391639356722816	0.161671856675239	0.02698158573018044	0.020659904946746934	2.0610917765188215	3.809466881372848	1.3272174662701954	2.406675055145577	0.0414530189291968	1.8489789364639977	0.11742376505209674	29.179472603965205
